,id,Gender,Customer Type,Age,Type of Travel,Class,Flight Distance,Departure/Arrival time convenient,Ease of Online booking,Gate location,Food and drink,Online boarding,Seat comfort,Inflight entertainment,On-board service,Leg room service,Baggage handling,Checkin service,Cleanliness,Departure Delay in Minutes,satisfaction
0,19556,0,0,50-60,0,1,0.017510548523206756,4,3,4,3,4,3,5,5,5,5,2,5,0.205761316872428,1
1,90035,0,0,30-40,0,0,0.5877637130801687,1,3,1,5,4,5,4,4,4,4,3,5,0.0,1
2,12360,1,1,<20,0,1,0.024261603375527428,0,2,4,2,2,2,2,4,1,3,2,2,0.0,0
3,77959,1,0,40-50,0,0,0.6962025316455697,0,0,2,3,4,4,1,1,1,1,3,4,0.0,1
4,36875,0,0,40-50,0,1,0.2331223628691983,3,4,3,4,1,2,2,2,2,2,4,4,0.0,1
5,39177,1,0,<20,0,1,0.049367088607594936,3,3,3,5,5,3,5,4,3,1,1,5,0.0,1
6,79433,0,0,>=60,0,0,0.8248945147679325,5,5,5,3,5,5,5,5,5,5,4,3,0.0,1
7,97286,0,0,40-50,0,0,0.5229957805907173,2,2,2,4,4,5,4,4,4,4,5,3,0.3168724279835391,1
8,27508,1,0,40-50,0,1,0.10105485232067511,2,2,2,5,5,5,5,2,2,5,3,5,0.00411522633744856,1
9,62482,0,0,40-50,0,0,0.35168776371308014,2,2,2,3,4,4,4,4,4,4,5,4,0.11522633744855967,1
10,47583,0,0,40-50,0,1,0.2443037974683544,1,1,1,5,1,5,3,3,4,3,1,4,0.11934156378600824,1
11,115550,0,0,30-40,0,0,0.05232067510548523,5,5,5,1,3,4,2,2,2,2,3,4,0.07407407407407408,0
12,119987,0,0,40-50,0,0,0.1966244725738397,5,5,5,4,5,5,5,5,5,5,5,3,0.0,1
13,42141,0,0,50-60,0,0,0.07890295358649789,1,4,1,5,5,4,5,5,5,5,3,5,0.4814814814814815,1
14,2274,0,0,50-60,0,0,0.17890295358649788,2,2,2,5,5,4,4,4,4,4,3,5,0.041152263374485604,1
15,22470,1,0,40-50,1,1,0.0012658227848101299,4,0,3,2,0,2,2,4,2,4,4,2,0.020576131687242802,0
16,124915,0,0,30-40,0,1,0.13734177215189874,5,5,5,2,2,2,2,4,3,3,4,2,0.00823045267489712,0
17,17836,1,0,50-60,1,2,0.21054852320675105,4,5,3,4,5,4,4,3,5,5,4,4,0.0,1
18,76872,0,0,40-50,1,1,0.39029535864978904,4,3,1,4,4,5,5,5,3,5,4,3,0.0,0
19,64287,0,0,40-50,0,0,0.7852320675105485,5,5,5,4,5,4,4,4,5,4,5,5,0.03292181069958848,1
20,63995,1,0,50-60,0,0,0.11286919831223628,4,4,4,2,4,5,5,5,5,5,5,5,0.08641975308641976,1
21,75855,1,0,40-50,1,1,0.2869198312236287,4,3,4,2,3,2,2,4,2,4,4,2,0.0,0
22,106181,1,0,50-60,1,1,0.04746835443037975,2,4,3,4,4,4,4,1,3,2,4,4,0.0,0
23,44304,1,0,20-30,0,0,0.2850210970464135,4,4,4,4,4,4,4,1,5,3,1,4,0.0,1
24,82602,0,1,20-30,0,1,0.09514767932489451,3,5,3,2,5,2,2,3,2,3,4,2,0.0,0
25,7823,1,0,>=60,1,1,0.13354430379746834,5,3,4,2,3,2,2,3,5,5,4,2,0.0,0
26,127781,1,0,20-30,0,0,0.7601265822784811,1,4,4,2,2,2,2,5,5,5,5,2,0.0,1
27,34501,0,0,20-30,0,1,0.30464135021097044,1,1,1,4,4,4,4,1,4,1,1,4,0.01234567901234568,1
28,121658,1,0,40-50,0,0,0.30928270042194095,5,3,3,5,4,5,5,5,5,5,5,5,0.0,1
29,20219,1,0,50-60,0,1,0.03333333333333333,3,3,3,4,4,4,4,3,2,3,3,4,0.0,0
30,67551,1,0,40-50,1,0,0.2443037974683544,5,1,1,1,1,4,3,3,1,5,4,5,0.0,0
31,48994,0,0,50-60,0,1,0.04873417721518987,3,3,3,5,2,5,2,2,2,2,2,2,0.0,1
32,70811,1,1,40-50,0,1,0.11540084388185655,3,2,4,5,2,5,5,4,3,3,1,5,0.0,0
33,75241,1,0,20-30,1,1,0.3732067510548523,5,4,4,5,4,5,5,5,4,4,4,5,0.16460905349794241,0
34,12312,0,0,50-60,0,1,0.024261603375527428,2,2,2,3,4,2,5,5,5,5,2,4,0.0,1
35,48372,1,0,<20,1,1,0.1259493670886076,4,3,1,1,3,1,1,3,3,5,4,1,0.32921810699588483,0
36,51477,0,0,30-40,0,0,0.06181434599156119,3,3,3,2,4,5,4,4,4,4,4,5,0.041152263374485604,1
37,84204,0,0,50-60,0,0,0.6523206751054852,1,1,1,3,5,4,5,5,5,5,3,5,0.3004115226337449,1
38,70990,0,1,30-40,0,0,0.15295358649789031,4,4,2,2,4,4,2,4,2,4,3,2,0.0,0
39,101991,0,0,30-40,1,1,0.11624472573839663,4,1,3,5,1,5,5,3,2,5,5,5,0.01646090534979424,0
40,87447,0,1,40-50,0,0,0.062447257383966254,3,3,5,4,3,4,4,3,2,5,5,4,0.0,0
41,16112,1,1,20-30,0,1,0.13670886075949368,4,4,2,2,4,2,2,4,2,3,1,2,0.0,1
42,16172,1,0,20-30,0,0,0.042194092827004225,3,3,3,3,3,3,1,5,4,3,3,3,0.47736625514403297,0
43,106558,0,0,20-30,0,0,0.19978902953586497,1,1,1,4,4,4,4,5,3,5,5,4,0.0,1
44,11536,0,0,30-40,0,2,0.04008438818565401,3,3,3,2,2,2,2,1,1,3,4,2,0.24279835390946505,0
45,47773,0,0,>=60,0,1,0.09978902953586498,1,1,1,4,2,1,5,5,5,5,5,2,0.37860082304526754,1
46,70521,0,0,50-60,0,0,0.3822784810126582,2,3,2,3,5,4,5,5,5,5,5,3,0.0,1
47,96283,0,0,50-60,1,1,0.08080168776371309,5,2,5,3,3,4,5,5,2,4,1,2,0.01646090534979424,0
48,117993,0,0,40-50,0,0,0.6789029535864979,4,3,4,2,5,4,5,5,5,5,5,3,0.0,1
49,74703,0,0,40-50,1,1,0.2379746835443038,4,2,3,4,4,3,4,4,2,4,2,2,0.0,0
50,110840,0,0,50-60,1,2,0.19261603375527425,5,2,3,3,4,5,1,1,2,1,5,3,0.0,0
51,88249,1,1,20-30,0,0,0.07742616033755274,0,4,2,2,4,2,2,5,3,5,3,2,0.08230452674897121,1
52,125877,0,0,50-60,0,1,0.09345991561181435,2,2,2,3,3,4,4,4,4,4,3,3,0.06995884773662552,1
53,83968,1,0,50-60,0,1,0.05147679324894515,3,4,3,2,2,2,2,2,5,3,3,2,0.0,0
54,122719,0,0,20-30,0,0,0.12109704641350212,3,4,3,5,5,5,5,4,5,4,3,5,0.0,1
55,3949,1,1,20-30,0,0,0.1449367088607595,3,3,2,2,3,2,2,2,1,3,3,2,0.1234567901234568,0
56,45542,1,0,20-30,0,0,0.10316455696202532,3,3,3,5,5,5,5,4,3,1,1,5,0.0,1
57,43742,0,0,>=60,1,1,0.11582278481012658,4,3,1,2,4,5,3,3,3,3,3,5,0.0,0
58,122093,0,0,30-40,1,1,0.011181434599156121,0,3,3,4,3,5,4,2,2,4,5,4,0.01234567901234568,0
59,121454,1,1,30-40,0,1,0.05358649789029536,0,2,1,1,2,1,1,4,3,4,1,1,0.0,0
60,738,1,0,40-50,0,0,0.01708860759493671,3,3,3,5,4,5,4,4,5,4,4,5,0.271604938271605,1
61,75235,0,0,>=60,1,1,0.36962025316455693,4,1,1,2,5,5,5,5,1,5,4,3,0.0,0
62,88653,0,0,50-60,1,1,0.120042194092827,2,3,4,4,3,4,5,5,3,5,4,3,0.0,0
63,26594,1,0,>=60,0,1,0.0689873417721519,1,1,1,4,4,4,4,3,1,3,2,4,0.03703703703703704,1
64,38339,0,0,<20,0,0,0.5613924050632911,5,5,5,3,4,3,3,5,3,3,1,3,0.0,1
65,46063,0,0,50-60,1,2,0.1871308016877637,5,1,2,4,4,5,4,4,1,4,5,4,0.02469135802469136,0
66,27957,1,0,20-30,0,0,0.3339662447257384,2,2,2,2,2,2,2,4,3,2,2,2,0.0,0
67,17270,0,0,>=60,1,1,0.16772151898734178,3,2,2,4,2,3,5,5,2,5,3,3,0.05761316872427984,0
68,87976,0,0,40-50,0,0,0.3841772151898734,5,5,5,5,4,4,5,5,5,5,4,3,0.20164609053497945,1
69,31640,0,0,40-50,0,0,0.18776371308016876,2,2,2,2,3,5,4,4,4,4,5,5,0.18106995884773663,1
70,41461,0,0,50-60,1,0,0.24578059071729957,4,3,5,3,3,5,1,1,3,1,4,4,0.01234567901234568,0
71,15143,1,0,30-40,0,0,0.20358649789029537,2,2,2,2,4,3,3,3,3,3,3,2,0.0,0
72,78136,0,0,50-60,1,0,0.016033755274261603,5,3,5,2,4,5,2,2,3,2,4,5,0.0,0
73,120433,1,0,40-50,0,0,0.060970464135021094,3,2,3,2,5,4,4,4,4,4,3,4,0.020576131687242802,1
74,41440,0,1,20-30,0,2,0.17637130801687761,2,2,2,4,2,3,4,3,2,1,1,4,0.0,0
75,15963,0,0,40-50,1,1,0.09514767932489451,5,2,3,2,5,4,5,5,2,5,3,3,0.0,0
76,64303,0,1,20-30,0,1,0.2310126582278481,3,3,2,5,3,5,5,4,5,5,4,5,0.11522633744855967,0
77,3608,0,0,50-60,1,1,0.19451476793248945,4,2,4,4,5,5,5,5,2,5,5,4,0.0,0
78,7744,1,0,40-50,0,2,0.0869198312236287,2,2,2,2,2,2,2,4,3,3,1,2,0.0,0
79,21276,1,1,30-40,0,1,0.129746835443038,1,1,4,1,1,1,1,1,5,3,1,1,0.0,0
80,58576,0,0,>=60,0,0,0.3181434599156118,2,3,2,1,1,5,3,3,4,3,4,4,0.09876543209876544,1
81,53888,0,0,40-50,1,1,0.01329113924050633,4,2,4,4,4,5,2,2,2,2,3,5,0.0,0
82,10980,1,0,20-30,0,0,0.5594936708860759,3,3,3,5,5,5,5,4,4,4,5,5,0.18106995884773663,1
83,54151,1,0,50-60,0,0,0.2791139240506329,5,5,5,4,3,2,3,3,3,3,1,4,0.00411522633744856,0
84,115641,1,1,20-30,0,1,0.07805907172995781,2,1,4,1,1,1,1,4,4,3,4,1,0.02880658436213992,0
85,58584,0,0,30-40,1,0,0.05421940928270043,1,2,4,5,2,5,5,2,4,3,2,5,0.020576131687242802,0
86,50472,0,1,30-40,0,1,0.01708860759493671,2,1,3,1,1,1,1,1,4,3,4,1,0.09876543209876544,0
87,102623,0,0,40-50,0,0,0.7635021097046414,1,5,1,2,4,4,5,5,5,5,4,5,0.03703703703703704,1
88,31533,0,0,20-30,1,1,0.16223628691983122,4,1,3,3,1,3,3,5,4,5,4,3,0.03703703703703704,0
89,42287,0,0,50-60,0,1,0.05316455696202532,0,0,3,1,3,3,4,4,1,4,4,1,0.0,0
90,70467,1,0,40-50,0,0,0.5280590717299578,3,3,3,3,4,4,5,5,5,5,3,4,0.0,1
91,20461,0,1,40-50,0,1,0.0014767932489451498,5,3,1,5,3,5,5,5,5,3,5,5,0.0,0
92,113346,1,0,50-60,0,0,0.6921940928270042,3,3,3,3,5,4,4,4,4,4,4,3,0.0,1
93,115566,0,0,50-60,0,1,0.04873417721518987,1,4,4,5,3,3,2,2,2,2,4,1,0.3415637860082305,0
94,119896,0,0,40-50,0,0,0.17616033755274263,1,1,1,2,4,4,4,4,4,4,5,4,0.020576131687242802,1
95,88853,0,0,50-60,1,2,0.06940928270042195,4,3,1,2,5,4,2,2,3,2,3,4,0.0,0
96,24895,0,0,30-40,1,1,0.06751054852320676,5,2,2,5,2,5,5,5,4,4,5,5,0.0,0
97,31122,1,0,30-40,0,0,0.49198312236286923,3,3,3,1,4,3,4,4,4,4,3,3,0.0,1
98,91231,0,0,40-50,1,1,0.09873417721518987,2,2,3,4,2,4,4,1,3,4,1,4,0.0,0
99,61426,0,1,30-40,0,0,0.4940928270042194,2,2,3,4,2,4,4,3,2,3,3,4,0.0,0
100,68873,0,1,30-40,0,1,0.20759493670886076,2,2,1,4,2,4,4,1,4,2,4,4,0.05349794238683128,0
101,125701,1,0,>=60,1,1,0.17341772151898732,5,2,2,2,2,2,2,5,2,4,5,2,0.0,0
102,94999,0,0,30-40,1,1,0.04556962025316456,4,4,4,5,4,5,5,2,2,4,4,5,0.020576131687242802,1
103,56694,0,0,40-50,1,1,0.2126582278481013,5,3,2,5,5,5,5,5,3,5,3,4,0.0,0
104,62010,1,0,40-50,0,0,0.5059071729957806,5,5,5,2,5,4,2,2,2,2,3,5,0.0,1
105,95868,1,0,50-60,0,0,0.520464135021097,5,3,5,5,4,5,3,3,3,3,4,5,0.2551440329218107,1
106,123064,1,0,50-60,0,0,0.5229957805907173,4,4,4,4,5,4,4,4,4,4,3,5,0.4814814814814815,1
107,103418,1,0,30-40,1,1,0.03375527426160338,4,3,4,2,3,2,2,3,3,4,4,2,0.0,0
108,73456,0,0,<20,1,1,0.220042194092827,5,3,3,2,3,2,2,4,4,4,5,2,0.06584362139917696,0
109,8851,0,0,30-40,0,0,0.5466244725738396,5,4,5,4,4,4,4,5,2,5,5,4,0.00823045267489712,1
110,64241,1,0,40-50,0,1,0.3339662447257384,1,1,1,4,4,4,4,2,5,2,4,4,0.0,0
111,81723,1,1,20-30,0,1,0.260126582278481,2,2,4,3,2,3,3,1,4,3,1,3,0.0,0
112,88237,0,0,40-50,0,0,0.4845991561181434,5,5,5,4,5,4,4,4,4,4,5,5,0.0,1
113,50619,1,0,30-40,1,1,0.027848101265822787,4,0,1,1,0,1,1,1,5,5,2,1,0.0,0
114,54444,1,0,<20,1,2,0.04810126582278482,4,3,3,1,3,1,1,3,3,4,4,1,0.020576131687242802,0
115,64765,0,1,30-40,0,1,0.035864978902953586,1,2,3,1,2,1,1,4,1,3,1,1,0.06584362139917696,0
116,15941,1,1,30-40,0,1,0.05506329113924051,4,3,4,2,3,2,2,3,4,3,1,2,0.0,0
117,14965,1,0,20-30,0,0,0.6588607594936708,1,1,1,5,5,5,5,4,5,2,2,5,0.0,1
118,36897,1,0,30-40,1,1,0.2723628691983122,4,2,4,3,2,3,3,4,2,3,3,3,0.0,0
119,127954,1,0,30-40,0,0,0.4054852320675105,5,4,4,5,5,5,5,4,4,4,3,5,0.0,1
120,27872,1,0,20-30,0,2,0.12721518987341773,5,0,2,1,0,1,1,3,1,4,5,1,0.0,1
121,35854,1,0,40-50,0,0,0.09704641350210971,2,2,2,1,5,3,5,5,5,5,4,3,0.0,1
122,14527,0,0,40-50,0,1,0.04451476793248946,1,1,1,1,2,3,5,5,5,5,1,3,0.11934156378600824,1
123,47021,1,0,50-60,1,0,0.11856540084388185,1,2,3,4,3,3,3,3,2,3,2,1,0.0,0
124,11224,1,0,30-40,1,1,0.02616033755274262,5,3,3,2,3,5,2,5,2,1,3,2,0.01234567901234568,0
125,3921,0,0,20-30,1,1,0.028691983122362874,5,3,4,3,3,1,3,1,5,1,3,3,0.0,0
126,69463,1,0,20-30,1,1,0.21497890295358651,2,2,4,2,2,3,2,3,1,3,2,2,0.0,0
127,47050,1,0,20-30,0,0,0.3381856540084388,1,1,1,3,3,3,3,1,2,4,2,3,0.11111111111111112,0
128,21970,1,0,30-40,0,0,0.490295358649789,2,2,2,5,3,1,4,4,4,4,1,5,0.3868312757201646,1
129,30046,1,0,30-40,0,0,0.5630801687763713,2,2,2,2,5,2,4,4,4,4,1,5,0.0,1
130,1256,0,0,<20,1,1,0.0025316455696202562,4,3,1,5,3,3,5,3,4,5,5,5,0.0,0
131,73813,1,0,<20,1,2,0.024261603375527428,4,2,3,5,2,5,5,5,4,5,5,5,0.020576131687242802,0
132,110928,0,0,50-60,1,1,0.0689873417721519,3,3,4,4,4,4,5,5,3,5,1,2,0.0,0
133,102981,1,1,30-40,0,0,0.0989451476793249,4,4,4,2,4,2,2,3,5,5,3,2,0.3827160493827161,0
134,61571,1,0,30-40,0,0,0.49008438818565403,3,4,4,2,4,5,5,5,5,5,3,3,0.0,1
135,3796,0,1,20-30,0,2,0.110126582278481,2,2,3,4,2,4,4,3,3,3,1,4,0.0,0
136,73906,0,1,20-30,0,0,0.4778481012658228,3,3,4,2,3,2,2,4,3,5,3,2,0.041152263374485604,0
137,74090,0,0,40-50,0,0,0.6263713080168777,5,5,5,3,5,5,4,4,4,4,4,5,0.0,1
138,76645,0,0,<20,1,1,0.09261603375527426,4,2,3,5,2,5,5,5,4,5,5,5,0.0,0
139,100462,1,1,40-50,0,0,0.1438818565400844,3,3,2,2,3,2,2,4,2,5,4,2,0.00823045267489712,0
140,54164,1,0,<20,0,1,0.2791139240506329,1,1,1,2,1,2,2,4,3,3,3,2,0.0,0
141,6147,0,0,40-50,0,0,0.08734177215189874,3,3,3,4,4,4,4,4,4,4,3,5,0.0,1
142,1262,0,0,40-50,1,1,0.012025316455696204,3,3,3,5,3,3,4,4,3,4,1,4,0.03292181069958848,0
143,20310,1,1,20-30,0,0,0.17362869198312236,5,5,3,1,5,1,1,4,3,5,5,1,0.020576131687242802,1
144,46896,1,0,20-30,0,0,0.7533755274261603,2,2,2,3,3,3,3,2,4,3,5,3,0.0,1
145,7237,0,0,50-60,0,0,0.7789029535864979,1,5,1,1,3,1,2,4,3,4,1,1,0.7407407407407408,0
146,44293,0,0,40-50,0,1,0.10253164556962026,4,4,4,3,5,5,4,4,4,4,5,5,0.0,1
147,52496,1,0,50-60,0,0,0.6443037974683544,1,1,1,2,5,4,4,4,4,5,4,5,0.0,1
148,68263,0,0,>=60,1,1,0.1168776371308017,5,2,5,3,3,4,5,5,2,5,1,1,0.0,0
149,5289,1,0,50-60,1,1,0.05780590717299579,3,4,4,1,4,1,1,1,5,4,2,1,0.0,1
150,109359,0,0,50-60,0,0,0.23459915611814347,5,3,5,5,4,5,2,2,2,2,4,3,0.03703703703703704,1
151,94988,1,0,<20,1,1,0.10232067510548523,5,5,5,3,5,3,3,4,4,5,1,3,0.0,1
152,53605,0,0,20-30,0,1,0.37911392405063293,3,3,3,4,4,3,4,3,1,4,5,4,0.3539094650205762,1
153,11005,0,1,20-30,0,1,0.01708860759493671,0,4,1,2,4,2,2,1,5,2,2,2,0.0,1
154,14794,0,0,40-50,0,1,0.0037974683544303826,3,3,3,1,2,1,5,5,5,5,1,2,0.0,1
155,49480,0,0,40-50,0,0,0.03987341772151899,1,1,1,4,3,4,4,4,4,4,2,1,0.0,1
156,120440,1,1,<20,0,1,0.07848101265822785,4,1,2,3,1,4,3,1,3,5,4,3,0.0,0
157,55823,0,1,40-50,0,0,0.2824894514767932,4,4,2,2,3,2,2,4,2,5,5,2,0.0,0
158,107792,1,0,40-50,0,0,0.48755274261603376,2,2,2,5,5,4,4,4,4,4,5,5,0.11934156378600824,1
159,80531,1,0,40-50,0,0,0.3377637130801688,1,2,1,3,4,4,2,2,2,2,4,5,0.0,1
160,128145,1,0,50-60,0,0,0.399789029535865,5,2,5,4,3,5,5,5,5,5,5,3,0.0,1
161,63370,0,0,40-50,1,1,0.05485232067510548,1,4,3,3,3,3,3,3,4,1,2,2,0.0,1
162,12452,0,0,<20,1,1,0.03713080168776371,3,3,1,4,3,4,4,5,5,2,4,4,0.0,0
163,16145,0,0,40-50,0,1,0.028481012658227847,3,3,3,5,3,5,5,5,5,5,5,2,0.3374485596707819,1
164,44418,1,1,<20,0,2,0.05590717299578059,1,1,3,3,1,3,3,2,1,4,1,3,0.13168724279835392,0
165,95746,1,0,40-50,0,0,0.7339662447257383,2,2,2,3,5,3,5,5,5,5,3,4,0.0,1
166,41134,0,1,20-30,0,1,0.02405063291139241,4,4,4,5,4,5,5,2,1,3,2,5,0.06584362139917696,0
167,3214,0,0,>=60,1,2,0.12995780590717299,1,3,1,5,1,2,1,1,3,1,1,4,0.411522633744856,0
168,74101,1,1,30-40,0,0,0.11898734177215191,5,5,3,2,5,2,2,5,5,4,3,2,0.0,1
169,106220,0,1,<20,0,1,0.08312236286919832,5,4,4,3,4,3,3,4,3,4,5,3,0.0,0
170,88134,0,0,50-60,0,0,0.7902953586497891,2,1,2,4,4,4,5,5,4,5,3,3,0.00411522633744856,1
171,64475,1,1,20-30,0,0,0.043248945147679324,5,4,1,4,4,4,4,3,3,5,3,4,0.03703703703703704,1
172,123812,1,1,20-30,0,0,0.09852320675105486,5,3,1,2,3,2,2,4,2,5,4,2,0.0,0
173,88893,0,0,30-40,0,0,0.6071729957805907,3,3,3,3,5,5,4,4,4,4,3,3,0.0,1
174,31244,0,0,30-40,0,0,0.5757383966244726,1,1,1,3,1,5,5,5,5,5,5,5,0.0,1
175,97762,1,0,<20,1,1,0.10759493670886076,4,3,5,1,3,1,1,5,3,5,4,1,0.0,0
176,59851,0,0,>=60,0,0,0.4210970464135021,3,3,3,4,5,4,4,4,4,4,4,5,0.02469135802469136,1
177,25137,1,0,40-50,1,1,0.2472573839662447,4,3,3,5,3,5,5,5,2,3,4,5,0.102880658436214,0
178,18412,0,0,20-30,1,1,0.04367088607594937,5,3,1,3,3,3,3,4,5,5,3,3,0.13991769547325103,0
179,87192,0,1,<20,0,1,0.18333333333333335,2,2,2,3,2,3,3,1,5,3,4,3,0.00823045267489712,0
180,127062,0,0,40-50,0,0,0.8164556962025317,4,4,4,3,4,4,3,3,3,3,4,3,0.102880658436214,0
181,112169,1,0,40-50,1,1,0.17257383966244727,5,4,1,1,4,1,1,2,1,3,3,1,0.16460905349794241,1
182,127798,0,0,50-60,0,0,0.3284810126582278,2,5,2,4,4,4,3,3,3,3,3,1,0.3703703703703704,0
183,91778,1,0,>=60,1,1,0.10780590717299579,1,1,2,1,1,1,1,1,4,3,2,1,0.0,0
184,42609,0,0,20-30,0,0,0.5181434599156118,5,5,5,2,2,2,2,5,1,2,1,2,0.0,1
185,67482,0,0,30-40,1,1,0.11898734177215191,4,3,2,2,3,2,2,4,5,4,5,2,0.0,0
186,91108,0,0,>=60,1,1,0.10632911392405063,4,4,2,4,4,4,1,1,4,1,4,5,0.00411522633744856,0
187,102318,1,1,30-40,0,0,0.03080168776371308,2,2,4,2,2,2,2,4,4,4,3,2,0.0,0
188,51281,0,0,20-30,0,2,0.052531645569620256,0,0,5,2,0,2,2,4,1,3,4,2,0.0,1
189,6528,0,0,>=60,1,1,0.110126582278481,1,3,2,1,1,2,3,3,3,3,2,1,0.0,0
190,121232,1,0,50-60,0,0,0.4215189873417721,5,5,5,2,5,5,5,5,5,5,3,3,0.0,1
191,72478,0,0,40-50,0,0,0.1871308016877637,5,4,5,5,4,5,5,5,5,5,4,3,0.00411522633744856,1
192,122788,0,0,30-40,0,1,0.110126582278481,4,4,4,1,1,1,1,2,3,3,3,1,0.03292181069958848,0
193,5528,1,0,50-60,0,0,0.6457805907172995,1,1,1,5,5,4,4,4,4,4,3,4,0.0,1
194,107726,0,0,50-60,1,1,0.03670886075949367,5,0,5,3,2,3,1,1,0,3,5,3,0.0,0
195,72606,1,0,<20,1,1,0.219831223628692,5,1,3,2,1,2,2,3,4,4,5,2,0.0,0
196,75522,0,1,<20,0,1,0.05485232067510548,0,4,3,4,4,4,4,3,5,4,4,4,0.0,1
197,125687,0,0,40-50,0,0,0.1438818565400844,2,2,2,2,2,1,2,2,2,2,3,4,0.09465020576131689,0
198,79908,0,0,50-60,0,0,0.4782700421940928,2,2,2,3,4,5,3,3,3,3,3,3,0.0,1
199,117345,1,1,20-30,0,0,0.046202531645569624,0,0,3,2,0,2,2,4,4,4,5,2,0.0,1
200,73465,0,0,30-40,1,1,0.19578059071729959,4,2,3,2,1,5,5,2,4,5,5,5,0.6913580246913581,0
201,95851,0,0,40-50,0,0,0.10611814345991562,3,3,3,3,5,4,4,4,4,4,3,5,0.07407407407407408,1
202,44992,1,0,50-60,0,1,0.05949367088607595,3,3,3,1,1,1,1,1,2,3,4,1,0.0,0
203,70631,0,0,>=60,1,1,0.24050632911392406,4,0,1,5,5,5,4,4,0,4,4,4,0.0,1
204,13761,0,0,>=60,0,2,0.06476793248945148,5,5,5,3,3,2,4,4,4,4,3,5,0.39506172839506176,1
205,74968,1,0,<20,1,1,0.5293248945147679,5,3,4,4,3,4,4,5,2,4,5,4,0.1851851851851852,0
206,12371,0,0,40-50,0,0,0.5962025316455696,1,1,1,2,3,3,2,2,2,2,3,1,0.0,0
207,8378,0,0,<20,0,0,0.6525316455696203,5,5,5,5,5,5,5,1,3,3,1,5,0.06584362139917696,1
208,82080,0,0,40-50,0,1,0.2529535864978903,2,2,2,4,2,3,2,2,2,2,1,1,0.1440329218106996,0
209,107972,0,1,30-40,0,0,0.1578059071729958,4,4,3,5,4,5,5,5,3,4,3,5,0.0,1
210,101228,1,0,40-50,0,0,0.4487341772151899,5,5,5,4,4,4,2,2,2,2,4,3,0.02469135802469136,1
211,85577,0,0,>=60,0,0,0.7145569620253165,1,1,1,2,4,4,4,4,4,4,5,4,0.0,1
212,2717,0,0,30-40,1,1,0.10232067510548523,3,5,3,4,5,4,4,1,1,3,4,4,0.0,1
213,88529,1,0,30-40,1,1,0.0689873417721519,1,5,3,3,5,3,3,4,2,4,4,3,0.0,1
214,91613,1,0,50-60,0,0,0.23670886075949366,2,2,2,5,4,4,4,4,4,4,3,1,0.0,0
215,88865,0,0,20-30,0,0,0.3989451476793249,4,4,4,4,4,4,4,1,2,3,4,4,0.0,0
216,96960,0,0,50-60,0,0,0.5238396624472574,5,5,5,5,4,5,3,3,3,3,3,3,0.0,1
217,51191,0,0,50-60,0,2,0.04873417721518987,2,2,2,5,3,4,4,4,4,4,5,2,0.0,1
218,9461,0,0,40-50,1,1,0.060126582278481014,4,5,3,2,4,5,3,3,5,3,5,4,0.0,0
219,66384,1,1,30-40,0,0,0.31329113924050633,3,3,5,2,3,2,2,5,2,5,3,2,0.00823045267489712,0
220,41934,1,0,>=60,1,1,0.010970464135021098,0,1,2,1,1,1,1,3,2,5,4,1,0.05349794238683128,0
221,25381,1,0,>=60,1,1,0.10843881856540084,4,2,3,5,2,3,5,4,4,4,3,5,0.0,0
222,14757,0,0,>=60,0,0,0.7626582278481012,2,4,2,3,4,2,4,4,4,4,1,2,0.0,1
223,94013,1,0,50-60,0,0,0.3759493670886076,1,1,1,2,5,5,4,4,4,4,5,5,0.06584362139917696,1
224,80107,0,1,20-30,0,1,0.1917721518987342,1,1,3,1,2,1,1,1,5,1,1,1,0.09876543209876544,0
225,23590,0,1,20-30,0,1,0.19978902953586497,1,1,3,5,1,5,5,1,4,4,1,5,0.05349794238683128,0
226,110384,0,0,50-60,0,1,0.17763713080168775,4,4,4,3,2,2,3,3,3,3,1,1,0.3497942386831276,0
227,15069,0,0,40-50,0,2,0.10527426160337554,2,2,2,3,1,3,4,4,4,4,5,2,0.0,1
228,17128,0,1,20-30,0,1,0.0729957805907173,3,3,3,1,3,1,1,2,2,3,3,1,0.02469135802469136,0
229,54060,1,0,50-60,0,1,0.2824894514767932,2,2,2,5,5,5,5,4,3,5,2,5,0.00411522633744856,1
230,129240,1,0,50-60,0,0,0.29261603375527423,2,2,2,5,4,4,3,3,3,3,3,3,0.0,0
231,97165,0,0,<20,1,1,0.13459915611814344,4,4,3,1,4,1,1,5,4,4,4,1,0.04526748971193416,1
232,111696,1,0,30-40,0,0,0.09789029535864979,2,3,2,4,4,4,4,5,2,5,3,4,0.3539094650205762,1
233,1887,1,1,>=60,0,0,0.04556962025316456,3,3,3,3,3,3,3,4,4,4,4,3,0.01234567901234568,0
234,89086,0,1,<20,0,1,0.4251054852320675,3,3,3,4,2,4,4,4,3,3,3,4,0.10699588477366256,0
235,35485,1,0,30-40,1,1,0.2059071729957806,4,4,1,3,4,3,3,3,2,5,3,3,0.13991769547325103,0
236,35719,1,0,50-60,1,1,0.5156118143459916,1,1,3,1,3,5,2,3,3,2,5,5,0.0,0
237,85669,0,0,<20,0,0,0.520464135021097,1,3,3,3,3,3,3,4,3,4,3,3,0.0,0
238,1137,1,0,40-50,1,1,0.01708860759493671,4,4,2,2,4,2,2,2,5,1,4,2,0.0,0
239,8358,1,0,50-60,0,0,0.3510548523206751,1,1,1,4,4,5,4,4,4,4,4,3,0.0,1
240,17217,1,0,30-40,0,0,0.5430379746835443,4,4,4,3,4,4,5,5,5,5,5,3,0.041152263374485604,1
241,44847,0,0,<20,1,1,0.14409282700421944,5,3,1,5,3,5,5,3,5,5,4,5,0.4197530864197531,0
242,96673,0,0,30-40,1,1,0.20232067510548524,5,1,2,5,1,5,5,5,5,5,5,5,0.04938271604938272,0
243,80152,1,0,40-50,0,1,0.5293248945147679,3,3,3,1,1,1,3,5,2,3,1,1,0.0,0
244,82277,0,1,20-30,0,1,0.21181434599156118,1,1,4,2,1,2,2,1,5,3,3,2,0.01646090534979424,0
245,123927,1,0,30-40,1,1,0.120042194092827,4,2,3,3,2,3,3,4,1,3,2,3,0.00411522633744856,0
246,115766,0,0,20-30,0,0,0.04873417721518987,3,3,3,1,1,1,1,3,3,3,3,1,0.0,0
247,21134,1,0,40-50,1,1,0.03164556962025317,5,0,1,2,0,2,2,3,4,4,5,2,0.0,1
248,112062,1,1,40-50,0,1,0.3537974683544304,3,3,3,4,3,5,4,1,4,3,4,4,0.1358024691358025,0
249,28643,1,0,50-60,0,0,0.4428270042194093,3,2,2,3,5,2,5,5,5,5,4,4,0.020576131687242802,1
250,108010,1,1,<20,0,0,0.0409282700421941,0,0,1,1,0,1,1,5,4,4,4,1,0.0,1
251,92145,0,0,40-50,0,0,0.3048523206751055,2,3,3,3,5,4,4,4,4,4,3,5,0.0,1
252,115846,1,0,30-40,0,1,0.05232067510548523,5,5,5,5,5,5,5,1,5,3,1,5,0.0,1
253,99685,0,0,>=60,0,0,0.6624472573839663,2,2,2,5,4,4,4,4,4,4,4,5,0.07818930041152264,1
254,112072,1,0,50-60,0,0,0.29831223628691983,3,3,3,2,4,4,3,3,2,3,4,3,0.0617283950617284,1
255,119226,0,0,20-30,1,1,0.05358649789029536,4,3,4,3,3,3,3,5,4,2,2,3,0.0,0
256,115925,0,1,40-50,0,0,0.0620253164556962,2,2,1,1,2,1,1,4,4,2,1,1,0.1440329218106996,0
257,106552,1,0,<20,1,1,0.1371308016877637,5,1,3,4,1,4,4,4,1,1,5,4,0.0,0
258,25126,0,0,>=60,1,0,0.2472573839662447,5,3,2,4,4,4,3,3,3,3,4,5,0.16460905349794241,0
259,33426,1,0,40-50,0,0,0.5352320675105485,2,2,2,5,4,4,2,4,4,2,4,4,0.0,1
260,125844,0,0,<20,0,1,0.18438818565400844,3,3,3,2,2,4,2,3,5,3,1,2,0.23456790123456792,0
261,70328,0,0,50-60,0,0,0.510759493670886,3,3,3,4,4,4,5,5,5,5,4,3,0.0,1
262,88847,0,0,40-50,1,2,0.09873417721518987,5,2,2,4,1,1,2,2,2,4,4,3,0.05761316872427984,0
263,108398,1,0,40-50,1,2,0.37151898734177213,5,1,3,5,1,5,5,3,2,5,4,5,0.0,0
264,97316,0,0,40-50,0,0,0.769409282700422,3,3,3,4,4,5,5,5,5,5,4,3,0.07818930041152264,1
265,124811,1,1,20-30,0,0,0.042827004219409284,2,2,2,2,2,2,2,2,3,2,2,2,0.0,0
266,23012,1,0,40-50,0,2,0.11898734177215191,1,1,1,5,5,5,5,3,4,3,5,5,0.0,1
267,18088,0,0,40-50,1,1,0.08670886075949367,5,3,1,3,4,5,5,5,3,5,5,3,0.0,0
268,37982,1,0,30-40,1,0,0.24472573839662448,4,3,1,4,3,4,5,5,3,5,5,5,0.02469135802469136,0
269,31332,0,1,30-40,0,1,0.2078059071729958,1,1,2,3,1,3,3,4,1,4,5,3,0.0,0
270,97455,0,0,50-60,0,0,0.5531645569620253,2,2,2,2,5,4,3,3,3,3,4,4,0.0,1
271,28901,0,0,40-50,0,0,0.1270042194092827,1,1,1,2,5,4,4,4,4,4,2,1,0.20987654320987656,1
272,107606,1,1,30-40,0,0,0.0729957805907173,4,4,3,4,4,4,4,3,2,4,5,4,0.0,0
273,53258,0,0,50-60,0,0,1.0,4,4,4,5,5,5,3,3,4,4,5,5,0.0,1
274,14292,0,0,30-40,0,0,0.7924050632911392,3,3,3,3,2,3,5,5,5,5,4,4,0.0,1
275,68232,0,0,30-40,0,0,0.5236286919831223,5,5,5,3,5,5,4,4,4,4,3,3,0.0,1
276,51224,0,1,30-40,0,2,0.062447257383966254,4,4,4,3,4,3,3,4,4,1,1,3,0.0,0
277,121386,0,0,50-60,1,1,0.46455696202531643,5,2,3,2,4,2,5,3,4,5,2,2,0.06995884773662552,0
278,31668,1,0,40-50,0,1,0.1656118143459916,2,2,2,2,2,2,2,3,5,2,3,2,0.0,1
279,24628,0,0,<20,1,1,0.12426160337552743,3,3,2,3,1,1,4,2,1,5,1,1,1.0,0
280,95876,0,0,30-40,0,0,0.1438818565400844,2,2,2,5,4,5,5,3,5,4,4,5,0.0,1
281,62793,1,0,<20,1,1,0.47700421940928267,4,2,3,2,1,1,3,2,4,5,1,1,0.6255144032921811,0
282,83516,1,0,<20,1,1,0.18333333333333335,3,1,5,2,1,2,2,1,3,2,2,2,0.0,0
283,13221,1,0,40-50,0,1,0.14662447257383965,3,3,3,4,4,4,4,2,1,4,4,4,0.0,1
284,100404,0,1,40-50,0,0,0.19704641350210972,2,2,5,4,3,4,4,4,3,4,4,4,0.0,0
285,121453,1,1,20-30,0,1,0.0379746835443038,0,2,4,5,2,1,5,1,5,1,4,5,0.0,0
286,21454,0,0,30-40,0,1,0.018354430379746836,3,3,3,2,2,2,2,3,3,3,1,2,0.0,0
287,15937,1,0,30-40,0,1,0.018776371308016883,3,2,3,4,4,4,4,5,5,4,4,4,0.06995884773662552,1
288,70105,1,0,30-40,0,0,0.4647679324894515,4,4,4,3,5,5,5,5,5,5,4,5,0.07818930041152264,1
289,47540,1,0,<20,1,1,0.10822784810126583,4,5,2,5,5,5,5,4,4,4,4,5,0.0,1
290,57561,0,0,40-50,0,0,0.32067510548523204,2,2,2,3,4,4,2,2,2,2,5,4,0.0,1
291,124103,0,0,>=60,0,0,0.46139240506329116,5,4,5,5,4,4,3,3,3,3,2,4,0.0,0
292,125736,0,0,20-30,0,2,0.15548523206751053,5,5,5,5,5,5,5,3,2,1,2,5,0.0,1
293,93362,1,0,40-50,1,1,0.19978902953586497,1,3,3,4,3,4,4,1,1,4,3,4,0.00823045267489712,0
294,95429,0,0,50-60,0,0,0.6748945147679325,5,0,4,4,5,4,3,3,3,3,5,5,0.0,1
295,106943,0,0,30-40,0,0,0.5253164556962026,2,4,2,4,4,4,5,5,5,5,3,5,0.0,1
296,100691,0,0,30-40,1,1,0.17130801687763714,5,2,3,3,2,3,3,3,3,4,3,3,0.15637860082304528,0
297,119948,1,1,20-30,0,0,0.1966244725738397,2,2,4,3,2,3,3,3,5,4,5,3,0.0,0
298,15778,1,0,30-40,0,1,0.025527426160337555,5,5,5,4,4,4,4,3,4,4,4,4,0.17283950617283952,0
299,68342,1,0,50-60,0,0,0.3208860759493671,3,3,3,4,3,4,5,5,5,5,3,5,0.0,1
300,24665,1,0,<20,1,1,0.16793248945147682,0,1,3,4,1,4,4,3,4,4,3,4,0.23456790123456792,0
301,81029,0,0,30-40,0,0,0.27890295358649786,4,2,4,4,4,5,5,5,5,5,3,5,0.06584362139917696,1
302,70371,1,0,20-30,1,1,0.2253164556962025,5,3,1,4,3,4,4,5,2,4,5,4,0.0,0
303,1386,1,0,40-50,1,2,0.043248945147679324,4,0,5,4,0,3,4,4,4,4,3,4,0.07407407407407408,1
304,35225,1,0,20-30,0,1,0.2107594936708861,1,1,1,5,5,5,5,3,1,2,2,5,0.1934156378600823,1
305,86204,1,0,50-60,0,0,0.8122362869198312,4,4,4,5,5,5,4,4,4,4,4,4,0.0,1
306,126370,1,0,30-40,1,1,0.09071729957805907,5,4,2,4,4,4,4,5,5,4,3,4,0.0,0
307,116184,1,0,20-30,1,1,0.05232067510548523,3,4,4,5,4,5,5,2,5,4,3,5,0.0,1
308,89613,1,0,40-50,0,0,0.7018987341772152,5,5,5,3,5,4,5,5,5,5,3,3,0.03292181069958848,1
309,99020,1,0,50-60,0,0,0.4873417721518988,4,4,4,2,5,4,3,3,4,3,4,3,0.1358024691358025,1
310,18463,1,0,20-30,0,0,0.024261603375527428,3,3,3,4,4,3,4,2,3,2,1,4,0.0,1
311,96637,0,1,20-30,0,1,0.1888185654008439,2,2,3,4,2,4,4,5,4,5,3,4,0.0,0
312,114678,0,0,40-50,0,0,0.060126582278481014,1,1,1,4,5,4,5,5,4,5,4,5,0.0,1
313,97639,0,0,40-50,0,0,0.31856540084388185,1,1,1,5,4,5,4,4,4,4,4,3,0.2469135802469136,1
314,75061,1,0,50-60,0,0,0.5345991561181435,5,4,4,4,3,5,4,4,4,4,3,4,0.0,1
315,51744,0,0,>=60,1,1,0.12109704641350212,5,4,4,2,4,4,2,2,4,2,3,5,0.0,0
316,44413,0,0,40-50,1,1,0.05590717299578059,4,3,2,4,4,4,4,4,3,4,3,5,0.0,0
317,2389,0,0,40-50,0,0,0.3265822784810127,5,5,5,4,4,4,5,5,5,5,4,5,0.0,1
318,105062,1,0,20-30,1,2,0.059915611814346,4,3,2,3,3,3,3,5,5,4,4,3,0.0,0
319,91464,1,0,40-50,0,0,0.7244725738396625,5,3,5,1,1,1,3,3,3,3,4,3,0.0,0
320,55721,1,0,50-60,1,2,0.17932489451476796,4,1,3,2,1,5,2,3,5,4,4,2,0.0,0
321,65726,1,0,30-40,0,0,0.7571729957805907,4,4,4,5,4,5,5,5,5,5,3,3,0.0,1
322,8473,0,0,40-50,0,0,0.2341772151898734,1,1,1,3,5,4,3,3,3,3,4,3,0.1358024691358025,1
323,13488,0,0,50-60,0,1,0.006118143459915612,2,2,2,4,1,2,5,5,5,5,4,3,0.04526748971193416,1
324,58611,1,0,40-50,0,0,0.03333333333333333,2,2,2,3,5,4,4,4,4,4,3,3,0.09876543209876544,1
325,39607,1,0,20-30,1,1,0.18734177215189873,5,2,1,2,2,2,2,4,4,4,4,2,0.0,0
326,41704,0,0,>=60,1,2,0.1812236286919831,4,3,1,4,4,5,5,5,3,5,4,4,0.0,0
327,126579,0,0,<20,1,1,0.3124472573839662,4,2,2,1,2,1,1,3,2,3,4,1,0.37448559670781895,0
328,44232,0,0,40-50,0,1,0.03059071729957806,1,1,1,2,5,5,3,3,4,3,4,3,0.0,1
329,44021,1,0,>=60,1,0,0.12721518987341773,4,4,1,3,4,4,1,1,4,2,4,3,0.00823045267489712,0
330,67502,0,0,<20,1,2,0.11898734177215191,4,3,1,4,3,1,4,2,1,1,2,4,0.05349794238683128,0
331,19525,0,0,50-60,0,0,0.6303797468354431,5,0,3,4,4,4,2,2,2,2,4,3,0.0,1
332,110015,0,0,50-60,0,0,0.7719409282700422,1,1,1,2,2,2,2,2,3,2,2,3,0.21399176954732513,0
333,30960,1,0,>=60,1,1,0.19978902953586497,4,4,2,4,4,4,4,3,2,5,5,4,0.04938271604938272,0
334,2153,1,0,>=60,1,0,0.12827004219409283,4,2,1,5,4,5,3,3,2,3,5,4,0.0,0
335,115097,0,1,20-30,0,0,0.046202531645569624,0,4,4,4,4,5,4,4,3,5,4,4,0.07818930041152264,1
336,63204,1,0,30-40,0,0,0.05485232067510548,4,4,4,2,5,4,5,5,5,5,4,4,0.020576131687242802,1
337,113849,1,0,40-50,0,0,0.2713080168776371,2,2,2,2,2,2,3,5,4,4,2,2,0.9794238683127573,1
338,95508,0,0,40-50,0,2,0.02362869198312236,2,2,2,4,3,3,1,1,1,1,4,2,0.05349794238683128,0
339,112350,1,0,40-50,0,0,0.32552742616033753,4,4,4,4,5,5,2,2,2,2,5,5,0.02880658436213992,1
340,20650,1,0,40-50,0,1,0.10021097046413502,4,4,4,4,4,4,4,3,3,2,2,4,0.01646090534979424,1
341,65517,1,0,40-50,0,0,0.3246835443037975,4,4,4,5,5,5,4,4,5,4,3,5,0.00823045267489712,1
342,116988,0,0,30-40,0,1,0.120042194092827,4,5,5,3,3,3,3,1,5,4,4,3,0.0,0
343,116210,0,0,50-60,1,1,0.0689873417721519,4,4,4,5,4,5,3,3,4,5,5,5,0.08641975308641976,0
344,15218,0,0,30-40,0,0,0.7434599156118143,2,2,2,4,5,2,4,4,4,4,1,3,0.0,1
345,35387,0,0,50-60,0,0,0.11772151898734177,2,2,2,5,5,5,1,1,2,3,5,5,0.617283950617284,1
346,20002,1,0,20-30,0,1,0.120042194092827,5,5,5,4,4,4,4,3,4,5,5,4,0.05349794238683128,1
347,102927,0,1,<20,0,1,0.05063291139240507,4,3,3,3,3,3,3,4,1,3,4,3,0.09465020576131689,0
348,92462,1,1,40-50,0,1,0.3829113924050633,3,3,3,2,3,2,2,3,4,4,4,2,0.0,0
349,70950,1,0,<20,1,1,0.11286919831223628,4,2,3,1,2,1,1,2,5,3,5,1,0.0,0
350,76034,0,0,40-50,0,0,0.5341772151898734,3,3,3,5,4,5,4,4,4,4,5,5,0.0,1
351,97177,1,0,30-40,1,1,0.270042194092827,3,2,3,5,2,5,5,2,5,4,4,5,0.01646090534979424,0
352,51719,0,0,<20,1,1,0.03375527426160338,4,2,4,2,2,2,2,3,5,5,4,2,0.01234567901234568,0
353,129201,0,0,<20,0,0,0.49894514767932485,2,2,2,4,4,4,4,3,3,3,5,4,0.0,1
354,35558,0,0,50-60,1,1,0.1841772151898734,5,0,4,2,5,4,1,1,0,1,4,3,0.0,0
355,109398,1,0,50-60,0,0,0.5947257383966245,1,1,1,3,5,5,5,5,5,5,4,3,0.00823045267489712,1
356,65351,0,0,20-30,0,0,0.3080168776371308,2,2,2,5,5,5,5,5,3,5,4,5,0.0,1
357,102482,0,0,40-50,1,1,0.025316455696202535,3,2,4,4,4,3,3,3,2,2,3,1,0.01234567901234568,0
358,17932,1,0,50-60,1,2,0.150210970464135,4,1,3,1,1,1,1,4,3,5,5,1,0.0,0
359,122276,0,0,>=60,1,1,0.09789029535864979,4,3,4,4,5,4,5,5,3,3,5,5,0.0,0
360,57484,0,1,20-30,0,1,0.1487341772151899,2,2,4,1,2,1,1,3,4,4,4,1,0.03703703703703704,0
361,121069,0,0,40-50,0,0,0.18438818565400844,1,1,1,5,4,5,3,3,3,3,5,3,0.0,1
362,41414,1,0,<20,1,1,0.10253164556962026,4,2,2,2,2,2,2,5,3,5,5,2,0.0,0
363,49839,1,0,30-40,0,1,0.006751054852320675,3,3,3,3,3,3,3,3,2,3,3,3,0.0,0
364,48189,1,0,>=60,0,1,0.07109704641350212,1,1,1,2,2,2,2,1,2,3,1,2,0.00411522633744856,0
365,82445,0,1,20-30,0,0,0.08966244725738397,4,4,3,5,4,5,5,4,3,5,3,5,0.0,0
366,108108,1,0,40-50,0,0,0.19261603375527425,4,4,4,4,4,5,4,4,4,4,3,3,0.1522633744855967,1
367,63984,0,1,20-30,0,2,0.23523206751054854,1,1,4,1,1,1,1,1,4,4,4,1,0.0,0
368,105287,0,0,50-60,0,0,0.5890295358649789,5,5,5,3,5,4,5,5,5,5,5,3,0.0,1
369,9385,0,0,20-30,1,1,0.06835443037974684,2,5,3,5,5,5,5,3,2,3,4,5,0.29218106995884774,0
370,25265,1,0,40-50,0,1,0.07341772151898734,4,4,4,5,5,5,5,4,3,1,5,5,0.0,1
371,119844,1,0,50-60,0,1,0.21476793248945147,5,5,5,3,3,3,3,1,1,3,3,3,0.0,0
372,33840,0,0,40-50,0,0,0.3232067510548523,4,1,4,2,2,3,2,2,2,2,2,1,0.04938271604938272,0
373,81815,0,1,40-50,0,1,0.260126582278481,1,1,4,1,1,1,1,2,5,4,2,1,0.21399176954732513,0
374,83524,1,0,50-60,1,1,0.18333333333333335,2,3,2,1,3,1,1,4,1,3,3,1,0.0,1
375,78999,0,0,50-60,0,0,0.7862869198312237,2,2,2,5,4,4,5,5,5,5,5,3,0.0,1
376,46712,1,0,20-30,1,1,0.010126582278481015,4,0,4,2,0,3,2,2,2,4,1,2,0.1934156378600823,0
377,41188,1,0,50-60,1,1,0.07426160337552742,1,2,3,3,2,3,3,1,4,3,3,3,0.1440329218106996,0
378,5326,0,0,40-50,0,0,0.6175105485232067,5,3,5,3,5,5,5,5,5,5,5,4,0.020576131687242802,1
379,80176,0,1,20-30,0,1,0.2907172995780591,2,2,3,2,4,4,2,4,4,1,4,4,0.0,0
380,46900,1,0,20-30,0,0,0.15949367088607597,3,3,3,2,2,2,2,1,1,3,4,2,0.0,1
381,89219,0,0,<20,1,1,0.3829113924050633,1,1,2,1,1,2,1,2,4,2,2,1,0.0,0
382,17928,1,0,30-40,0,2,0.150210970464135,4,4,4,2,1,2,2,1,4,4,3,2,0.0,0
383,55425,1,0,50-60,0,0,0.4592827004219409,3,5,3,4,4,4,4,4,4,4,4,4,0.00823045267489712,1
384,88130,1,1,30-40,0,0,0.07742616033755274,4,4,3,1,4,1,1,5,2,5,4,1,0.04938271604938272,1
385,48354,0,0,40-50,0,1,0.0938818565400844,5,5,5,3,2,1,4,4,4,4,2,2,0.16460905349794241,1
386,105905,1,0,50-60,0,1,0.04345991561181435,4,4,4,3,3,3,3,2,2,4,2,3,0.08230452674897121,0
387,60943,1,0,<20,0,0,0.3063291139240506,5,3,5,4,4,4,4,4,4,5,3,4,0.0,1
388,101584,1,1,20-30,0,0,0.21561181434599158,1,1,2,3,1,5,3,1,4,2,1,3,0.20987654320987656,0
389,71388,0,0,40-50,0,0,0.5280590717299578,5,5,5,2,4,4,5,5,5,5,5,5,0.0,1
390,77866,1,0,40-50,0,0,0.25,1,3,1,3,5,5,4,4,4,4,5,4,0.0,1
391,49223,0,0,40-50,0,1,0.006751054852320675,1,1,1,4,5,1,5,5,5,5,3,2,0.0,1
392,106530,0,0,20-30,1,1,0.0409282700421941,0,3,5,5,3,5,5,4,3,5,5,5,0.411522633744856,0
393,28676,0,0,20-30,0,0,0.569620253164557,5,5,5,5,5,5,5,4,1,3,3,5,0.00823045267489712,1
394,39553,1,0,<20,0,0,0.5881856540084388,2,2,2,5,5,5,5,3,2,3,4,5,0.00823045267489712,1
395,109597,0,1,20-30,0,1,0.1778481012658228,4,4,4,3,4,3,3,4,3,4,4,3,0.0,0
396,62291,1,1,30-40,0,0,0.07109704641350212,3,3,1,1,3,1,1,5,4,5,4,1,0.00823045267489712,0
397,40177,0,0,20-30,0,0,0.43818565400843884,3,3,3,5,5,5,5,1,1,4,2,5,0.0,1
398,33413,1,0,40-50,0,1,0.47932489451476795,3,3,3,4,4,4,4,1,2,4,3,4,0.0,1
399,127599,1,1,20-30,0,1,0.35780590717299576,3,3,4,4,3,4,4,3,5,4,3,4,0.0,0
400,66723,1,0,>=60,1,1,0.15295358649789031,3,1,3,4,1,4,4,1,2,3,2,4,0.0,0
401,73698,0,0,30-40,0,0,0.024261603375527428,2,2,2,3,3,3,3,4,5,3,4,3,0.0,0
402,27641,0,0,20-30,1,2,0.18143459915611815,5,3,2,1,3,1,1,1,4,4,4,1,0.0,0
403,83891,1,0,40-50,0,0,0.20527426160337553,0,0,4,2,4,3,4,4,0,4,3,2,0.0,0
404,51662,0,1,<20,0,1,0.06181434599156119,2,2,4,4,2,3,4,3,3,3,1,4,0.01234567901234568,0
405,19833,0,0,20-30,1,1,0.07088607594936709,1,3,4,1,3,1,1,1,3,4,3,1,0.02880658436213992,0
406,63416,0,0,<20,1,1,0.06223628691983123,5,4,4,5,4,5,5,4,5,4,3,5,0.36625514403292186,0
407,7645,1,1,40-50,0,0,0.11898734177215191,2,2,3,1,2,1,1,3,2,5,4,1,0.02880658436213992,0
408,86002,1,0,50-60,0,1,0.09514767932489451,3,1,3,2,2,2,2,1,4,3,2,2,0.0,0
409,64457,1,0,>=60,1,1,0.19240506329113927,4,1,1,5,1,5,5,3,2,4,4,5,0.02469135802469136,0
410,109551,1,0,30-40,1,1,0.1778481012658228,2,1,3,3,1,3,3,2,4,4,2,3,0.0,0
411,86553,0,1,20-30,0,2,0.1637130801687764,1,1,4,4,1,4,4,3,2,4,3,4,0.0,0
412,17491,1,0,20-30,0,1,0.0580168776371308,5,5,5,3,3,1,3,4,3,4,2,3,0.4444444444444445,0
413,114667,0,0,50-60,0,0,0.5512658227848102,3,3,3,5,5,5,3,3,4,3,3,5,0.0,1
414,59149,1,0,40-50,0,0,0.3732067510548523,2,2,2,5,4,4,4,4,4,4,4,5,0.2551440329218107,1
415,74892,1,0,40-50,0,0,0.5059071729957806,1,1,1,5,4,4,5,5,5,5,5,3,0.0,1
416,15197,1,1,<20,0,1,0.0810126582278481,3,3,4,3,5,4,4,5,4,4,4,4,0.5802469135802469,0
417,6867,1,0,>=60,1,1,0.1149789029535865,5,3,2,3,3,3,3,4,2,5,5,3,0.041152263374485604,0
418,111943,1,1,<20,0,1,0.09620253164556962,5,3,4,2,3,3,2,5,4,5,5,2,0.0,0
419,46720,1,0,50-60,1,1,0.010126582278481015,5,3,2,3,3,2,3,3,5,2,1,3,0.0,0
420,67966,1,0,50-60,0,2,0.29261603375527423,2,2,2,3,3,3,3,4,3,4,4,3,0.0,0
421,33341,1,0,30-40,0,0,0.48059071729957803,2,2,2,3,4,3,5,5,5,5,1,3,0.09876543209876544,1
422,50319,1,0,40-50,0,1,0.0,1,1,1,5,5,5,5,2,2,2,1,5,0.0,1
423,82927,1,0,40-50,0,0,0.5244725738396624,2,2,2,3,5,4,3,3,4,3,3,3,0.0,1
424,14562,0,1,<20,0,1,0.1917721518987342,2,2,5,1,2,1,1,5,5,5,5,1,0.0,0
425,108335,0,0,40-50,0,1,0.35295358649789027,5,5,5,1,1,1,4,2,2,4,1,1,0.54320987654321,0
426,97959,1,0,<20,1,1,0.15105485232067511,4,4,5,3,4,4,3,3,4,5,4,3,0.37448559670781895,1
427,1026,0,0,30-40,0,1,0.032067510548523206,5,5,5,5,5,5,5,2,3,5,3,5,0.0,1
428,26910,0,0,20-30,0,0,0.37911392405063293,3,1,1,2,2,2,2,2,2,4,4,2,0.0,0
429,14054,1,1,20-30,0,0,0.05105485232067511,5,5,3,4,5,5,4,5,4,4,3,4,0.0,1
430,109458,0,0,30-40,0,0,0.5261603375527426,3,3,3,5,4,5,5,5,5,5,4,5,0.0,1
431,51772,0,0,30-40,1,1,0.038818565400843885,4,3,4,3,3,3,3,1,5,4,2,3,0.3580246913580247,0
432,15019,0,0,30-40,1,1,0.10126582278481013,4,3,3,3,3,3,3,5,3,4,4,3,0.33333333333333337,0
433,23664,0,1,20-30,0,1,0.025105485232067515,4,2,4,5,2,5,5,5,4,5,5,5,0.0,0
434,6731,1,0,50-60,0,0,0.8137130801687764,3,3,3,5,5,5,4,4,4,4,4,3,0.0,1
435,57753,1,0,50-60,0,0,0.5542194092827004,4,4,4,5,5,5,3,4,3,4,5,5,0.2469135802469136,1
436,29788,0,0,30-40,0,0,0.4761603375527426,4,1,2,4,1,3,5,5,5,5,3,2,0.0,1
437,28336,1,0,20-30,0,0,0.7955696202531646,2,1,1,4,4,4,4,1,5,2,1,4,0.0,1
438,2878,0,0,>=60,1,1,0.07004219409282701,5,3,3,2,4,5,5,5,3,1,3,3,0.0,0
439,81675,0,0,50-60,0,1,0.17510548523206754,3,3,3,4,4,3,2,2,2,2,1,3,0.07818930041152264,0
440,50905,1,0,50-60,1,1,0.039029535864978905,5,1,1,5,1,5,5,3,1,1,3,5,0.2880658436213992,0
441,90850,1,0,>=60,0,0,0.43544303797468353,1,1,1,3,4,3,2,2,2,1,3,4,0.0,0
442,29340,0,0,30-40,0,2,0.16497890295358653,0,0,3,3,0,2,3,3,3,4,5,3,0.0,1
443,68731,1,0,20-30,1,2,0.03375527426160338,1,1,2,4,1,5,4,1,4,3,4,4,0.0,0
444,115978,1,0,<20,1,1,0.04873417721518987,4,4,3,5,4,5,5,4,5,5,3,5,0.37448559670781895,0
445,29829,1,0,30-40,0,0,0.759915611814346,2,2,2,5,5,5,5,3,3,5,2,5,0.0,1
446,82401,0,0,<20,1,1,0.08945147679324895,4,3,4,2,3,2,2,4,3,5,4,2,0.0,0
447,80083,1,0,50-60,0,2,0.09978902953586498,4,4,4,3,3,3,3,5,1,3,4,3,0.0,1
448,42783,0,1,30-40,0,1,0.21962025316455697,1,1,4,2,1,2,2,3,5,4,4,2,0.0,0
449,39020,1,0,>=60,0,0,0.6544303797468355,1,1,1,4,3,4,4,4,4,4,4,4,0.0,1
450,46111,1,0,20-30,1,1,0.2126582278481013,4,3,5,2,3,2,2,4,5,4,3,2,0.03292181069958848,0
451,66327,1,0,50-60,0,0,0.5759493670886076,1,1,1,2,4,4,5,5,5,5,4,4,0.0,1
452,43012,1,0,30-40,0,0,0.7858649789029536,0,0,4,3,4,1,2,2,2,2,2,2,0.0,1
453,82776,1,1,40-50,0,1,0.17911392405063292,3,3,4,5,3,2,5,3,2,3,4,5,0.10699588477366256,0
454,48215,0,0,>=60,1,1,0.024261603375527428,2,1,3,5,4,3,2,2,1,2,2,3,0.0,0
455,57441,0,0,40-50,0,0,0.03333333333333333,5,5,5,2,4,3,2,2,2,2,3,4,0.0,0
456,55928,0,0,<20,1,1,0.13839662447257384,2,4,2,3,4,3,3,1,1,1,4,3,0.0,0
457,98446,1,0,30-40,1,1,0.15548523206751053,0,1,2,5,1,5,5,4,5,5,1,5,0.13168724279835392,0
458,121273,0,0,40-50,0,0,0.4215189873417721,4,4,4,3,4,4,4,4,4,4,3,4,0.0,1
459,59385,0,0,<20,1,1,0.47700421940928267,4,3,3,5,3,5,5,3,2,4,5,5,0.00411522633744856,0
460,27078,1,1,20-30,0,1,0.15970464135021095,4,4,4,5,4,5,5,1,2,5,3,5,0.05761316872427984,1
461,104661,1,0,50-60,0,0,0.35886075949367086,4,4,4,2,5,4,3,3,3,3,5,5,0.01646090534979424,1
462,111483,1,1,40-50,0,1,0.20569620253164556,4,4,3,4,4,4,4,3,3,2,3,4,0.0,0
463,11558,0,0,20-30,0,0,0.12236286919831223,2,2,2,5,5,5,5,5,2,4,5,5,0.02469135802469136,1
464,120382,1,1,30-40,0,0,0.07848101265822785,4,4,2,3,4,3,3,5,4,4,4,3,0.01646090534979424,1
465,117397,0,0,30-40,0,0,0.09852320675105486,4,4,4,4,4,4,4,4,4,4,4,5,0.0,1
466,59357,1,0,40-50,0,0,0.5229957805907173,4,4,4,4,3,4,5,5,5,5,4,4,0.0,1
467,119617,1,0,30-40,0,0,0.6238396624472574,2,3,2,4,5,5,4,4,4,4,4,4,0.03292181069958848,1
468,90639,0,0,50-60,0,0,0.060970464135021094,1,1,1,3,4,4,4,4,5,4,5,4,0.0,1
469,119074,1,0,20-30,0,0,0.45168776371308017,3,2,3,3,3,3,3,4,3,5,4,3,0.0,1
470,13395,1,0,>=60,1,1,0.079957805907173,1,0,4,4,0,4,4,1,4,4,4,4,0.07818930041152264,1
471,104029,1,1,20-30,0,0,0.25,0,0,3,4,0,3,4,4,2,4,5,4,0.03703703703703704,1
472,12025,1,0,40-50,0,0,0.7059071729957805,3,3,3,4,2,4,5,5,5,5,4,1,0.0,1
473,42755,1,0,50-60,0,0,0.08776371308016878,4,4,4,2,4,5,3,3,3,3,3,3,0.0,1
474,70029,1,0,30-40,0,0,0.4451476793248945,2,2,2,3,4,3,3,4,4,4,4,3,0.0,1
475,113946,0,0,40-50,0,0,0.35295358649789027,3,1,1,5,5,4,4,4,4,4,4,5,0.0,1
476,80556,0,0,30-40,0,0,0.3523206751054852,2,2,2,4,4,4,3,4,5,4,4,4,0.54320987654321,1
477,22155,0,0,30-40,0,0,0.1468354430379747,2,2,2,4,4,4,2,3,2,2,4,4,0.5761316872427984,1
478,82206,1,0,40-50,0,0,0.06919831223628692,1,1,1,3,4,5,1,1,2,1,3,4,0.0,1
479,68344,1,0,30-40,0,0,0.3208860759493671,5,5,5,4,4,4,4,3,4,5,5,4,0.0,1
480,18464,0,1,30-40,0,0,0.02616033755274262,3,3,4,1,3,1,1,2,5,5,3,1,0.0,1
481,129310,1,0,>=60,0,0,0.5059071729957806,3,3,3,2,4,5,5,5,5,5,3,3,0.01646090534979424,1
482,70613,1,0,50-60,0,0,0.8139240506329114,1,1,1,3,5,5,4,4,4,4,3,3,0.0,1
483,86840,0,0,40-50,0,1,0.04535864978902954,2,2,2,5,2,2,5,5,5,5,2,5,0.13168724279835392,1
484,122170,0,0,40-50,0,0,0.09852320675105486,2,2,2,4,4,5,4,4,5,4,3,5,0.2551440329218107,1
485,87935,0,1,20-30,0,1,0.0409282700421941,0,5,1,3,5,4,3,4,5,4,5,3,0.2551440329218107,1
486,116832,1,0,50-60,0,0,0.07890295358649789,1,1,1,4,4,5,4,4,4,4,3,3,0.0,1
487,99415,1,0,40-50,0,0,0.4016877637130802,4,4,4,4,4,2,5,5,5,5,4,4,0.0,1
488,60089,1,0,50-60,0,0,0.19578059071729959,4,4,4,5,5,4,5,5,5,5,5,5,0.01234567901234568,1
489,5412,0,0,50-60,0,0,0.1550632911392405,4,4,4,4,5,4,4,4,4,4,3,5,0.0,1
490,39113,1,0,30-40,0,1,0.02383966244725739,2,2,2,3,4,3,3,1,2,1,2,3,0.0,1
491,36518,0,0,20-30,0,0,0.23628691983122363,5,3,5,5,5,5,5,2,4,4,1,5,0.0,1
492,110124,0,0,50-60,0,0,0.20654008438818566,1,5,1,4,4,4,4,2,4,4,4,4,0.8806584362139919,1
493,92891,1,0,50-60,0,0,0.6664556962025316,4,4,4,5,4,5,3,3,4,5,3,4,0.0,1
494,57816,1,0,40-50,0,0,0.5668776371308016,5,5,5,3,5,5,2,2,2,2,4,3,0.03292181069958848,1
495,1770,1,1,<20,0,0,0.06983122362869199,0,5,2,3,5,3,3,3,5,5,3,3,0.0,1
496,70400,0,0,40-50,0,0,0.22890295358649787,4,4,4,4,1,2,4,4,4,4,2,2,0.0,1
497,15078,0,0,30-40,0,0,0.03417721518987342,1,1,1,5,5,1,4,4,4,4,4,1,0.0,1
498,4927,0,0,50-60,0,0,0.19894514767932492,4,4,4,3,4,4,5,5,5,5,4,5,0.020576131687242802,1
499,53073,0,0,20-30,0,2,0.23860759493670886,5,5,5,4,4,4,4,2,2,4,1,4,0.00411522633744856,1
ravel,Business,990,4,4,4,4,4,4,5,4,4,4,4,3,4,3,37,38,satisfied
63984,Female,disloyal Customer,27,Business travel,Eco Plus,1192,1,1,1,4,1,1,1,1,1,4,4,4,4,1,0,32,neutral or dissatisfied
105287,Female,Loyal Customer,59,Business travel,Business,2869,5,5,5,5,3,5,4,5,5,5,5,5,5,3,0,1,satisfied
9385,Female,Loyal Customer,21,Personal Travel,Eco,401,3,2,5,3,5,5,5,5,3,2,3,4,3,5,71,117,neutral or dissatisfied
25265,Male,Loyal Customer,48,Business travel,Eco,425,5,4,4,4,5,5,5,5,4,3,1,5,4,5,0,0,satisfied
119844,Male,Loyal Customer,53,Business travel,Eco,1095,3,5,5,5,3,3,3,3,1,1,3,3,4,3,0,0,neutral or dissatisfied
33840,Female,Loyal Customer,42,Business travel,Business,1609,2,4,1,4,2,2,3,2,2,2,2,2,2,1,12,0,neutral or dissatisfied
81815,Female,disloyal Customer,48,Business travel,Eco,1310,1,1,1,4,1,1,1,1,2,5,4,2,4,1,52,27,neutral or dissatisfied
83524,Male,Loyal Customer,59,Personal Travel,Eco,946,4,2,3,2,1,3,1,1,4,1,3,3,3,1,0,0,satisfied
78999,Female,Loyal Customer,53,Business travel,Business,3804,2,2,2,2,5,4,4,5,5,5,5,5,5,3,0,0,satisfied
46712,Male,Loyal Customer,24,Personal Travel,Eco,125,2,4,0,4,2,0,3,2,2,2,4,1,3,2,47,94,neutral or dissatisfied
41188,Male,Loyal Customer,56,Personal Travel,Eco,429,2,1,2,3,3,2,3,3,1,4,3,3,2,3,35,29,neutral or dissatisfied
5326,Female,Loyal Customer,42,Business travel,Business,3004,5,5,3,5,3,5,5,5,5,5,5,5,5,4,5,14,satisfied
80176,Female,disloyal Customer,24,Business travel,Eco,1455,2,2,2,3,2,4,4,2,4,4,1,4,3,4,0,0,neutral or dissatisfied
46900,Male,Loyal Customer,28,Business travel,Business,833,3,3,3,3,2,2,2,2,1,1,3,4,1,2,0,0,satisfied
89219,Female,Loyal Customer,17,Personal Travel,Eco,1892,1,1,1,2,1,1,2,1,2,4,2,2,3,1,0,0,neutral or dissatisfied
17928,Male,Loyal Customer,31,Business travel,Eco Plus,789,2,4,4,4,2,1,2,2,1,4,4,3,4,2,0,0,neutral or dissatisfied
55425,Male,Loyal Customer,60,Business travel,Business,2254,3,3,5,3,4,4,4,4,4,4,4,4,4,4,2,0,satisfied
88130,Male,disloyal Customer,39,Business travel,Business,444,4,4,4,3,1,4,1,1,5,2,5,4,5,1,12,16,satisfied
48354,Female,Loyal Customer,47,Business travel,Eco,522,4,5,5,5,3,2,1,4,4,4,4,2,4,2,40,26,satisfied
105905,Male,Loyal Customer,60,Business travel,Eco,283,3,4,4,4,3,3,3,3,2,2,4,2,4,3,20,16,neutral or dissatisfied
60943,Male,Loyal Customer,13,Business travel,Business,1529,5,5,3,5,4,4,4,4,4,4,5,3,5,4,0,0,satisfied
101584,Male,disloyal Customer,29,Business travel,Business,1099,1,1,1,2,3,1,5,3,1,4,2,1,2,3,51,51,neutral or dissatisfied
71388,Female,Loyal Customer,45,Business travel,Business,2580,5,5,5,5,2,4,4,5,5,5,5,5,5,5,0,0,satisfied
77866,Male,Loyal Customer,44,Business travel,Business,1262,1,1,3,1,3,5,5,4,4,4,4,5,4,4,0,0,satisfied
49223,Female,Loyal Customer,50,Business travel,Eco,109,5,1,1,1,4,5,1,5,5,5,5,3,5,2,0,11,satisfied
106530,Female,Loyal Customer,26,Personal Travel,Eco,271,3,0,3,5,5,3,5,5,4,3,5,5,4,5,100,93,neutral or dissatisfied
28676,Female,Loyal Customer,27,Business travel,Business,2777,5,5,5,5,5,5,5,5,4,1,3,3,2,5,2,0,satisfied
39553,Male,Loyal Customer,16,Business travel,Business,2865,2,2,2,2,5,5,5,5,3,2,3,4,5,5,2,0,satisfied
109597,Female,disloyal Customer,24,Business travel,Eco,920,4,4,4,4,3,4,3,3,4,3,4,4,3,3,0,0,neutral or dissatisfied
62291,Male,disloyal Customer,34,Business travel,Business,414,3,3,3,1,1,3,1,1,5,4,5,4,5,1,2,0,neutral or dissatisfied
40177,Female,Loyal Customer,30,Business travel,Business,2154,3,3,3,3,5,5,5,5,1,1,4,2,4,5,0,0,satisfied
33413,Male,Loyal Customer,50,Business travel,Eco,2349,4,3,3,3,4,4,4,4,1,2,4,3,4,4,0,0,satisfied
127599,Male,disloyal Customer,21,Business travel,Eco,1773,3,3,3,4,4,3,4,4,3,5,4,3,5,4,0,0,neutral or dissatisfied
66723,Male,Loyal Customer,61,Personal Travel,Eco,802,1,3,1,3,4,1,4,4,1,2,3,2,4,4,0,0,neutral or dissatisfied
73698,Female,Loyal Customer,32,Business travel,Business,192,3,2,2,2,3,3,3,3,4,5,3,4,3,3,0,0,neutral or dissatisfied
27641,Female,Loyal Customer,22,Personal Travel,Eco Plus,937,2,5,3,2,1,3,1,1,1,4,4,4,3,1,0,0,neutral or dissatisfied
83891,Male,Loyal Customer,46,Business travel,Business,1050,1,0,0,4,2,4,3,4,4,0,4,3,4,2,0,0,neutral or dissatisfied
51662,Female,disloyal Customer,15,Business travel,Eco,370,3,2,2,4,4,2,3,4,3,3,3,1,4,4,3,8,neutral or dissatisfied
19833,Female,Loyal Customer,29,Personal Travel,Eco,413,3,1,3,4,1,3,1,1,1,3,4,3,4,1,7,14,neutral or dissatisfied
63416,Female,Loyal Customer,12,Personal Travel,Eco,372,4,5,4,4,5,4,5,5,4,5,4,3,5,5,89,88,neutral or dissatisfied
7645,Male,disloyal Customer,50,Business travel,Business,641,2,2,2,3,1,2,1,1,3,2,5,4,5,1,7,17,neutral or dissatisfied
86002,Male,Loyal Customer,54,Business travel,Eco,528,2,3,1,3,2,2,2,2,1,4,3,2,2,2,0,0,neutral or dissatisfied
64457,Male,Loyal Customer,69,Personal Travel,Eco,989,1,4,1,1,5,1,5,5,3,2,4,4,5,5,6,3,neutral or dissatisfied
109551,Male,Loyal Customer,38,Personal Travel,Eco,920,1,2,1,3,3,1,3,3,2,4,4,2,4,3,0,0,neutral or dissatisfied
86553,Female,disloyal Customer,25,Business travel,Eco Plus,853,1,1,1,4,4,1,4,4,3,2,4,3,3,4,0,0,neutral or dissatisfied
17491,Male,Loyal Customer,26,Business travel,Eco,352,3,5,5,5,3,3,1,3,4,3,4,2,4,3,108,99,neutral or dissatisfied
114667,Female,Loyal Customer,53,Business travel,Business,2690,3,3,3,3,5,5,5,3,3,4,3,3,3,5,0,0,satisfied
59149,Male,Loyal Customer,47,Business travel,Business,1846,2,2,2,2,5,4,4,4,4,4,4,4,4,5,62,55,satisfied
74892,Male,Loyal Customer,42,Business travel,Business,2475,1,1,1,1,5,4,4,5,5,5,5,5,5,3,0,0,satisfied
15197,Male,disloyal Customer,19,Business travel,Eco,461,3,3,3,4,3,5,4,4,5,4,4,4,4,4,141,121,neutral or dissatisfied
6867,Male,Loyal Customer,63,Personal Travel,Eco,622,3,5,3,2,3,3,3,3,4,2,5,5,5,3,10,11,neutral or dissatisfied
111943,Male,disloyal Customer,18,Business travel,Eco,533,3,5,3,4,2,3,3,2,5,4,5,5,4,2,0,0,neutral or dissatisfied
46720,Male,Loyal Customer,52,Personal Travel,Eco,125,3,5,3,2,3,3,2,3,3,5,2,1,3,3,0,0,neutral or dissatisfied
67966,Male,Loyal Customer,60,Business travel,Eco Plus,1464,3,2,2,2,3,3,3,3,4,3,4,4,4,3,0,3,neutral or dissatisfied
33341,Male,Loyal Customer,38,Business travel,Business,2355,2,2,2,2,3,4,3,5,5,5,5,1,5,3,24,0,satisfied
50319,Male,Loyal Customer,41,Business travel,Eco,77,5,1,1,1,5,5,5,5,2,2,2,1,2,5,0,0,satisfied
82927,Male,Loyal Customer,41,Business travel,Business,2563,2,2,2,2,3,5,4,3,3,4,3,3,3,3,0,0,satisfied
14562,Female,disloyal Customer,15,Business travel,Eco,986,2,2,2,5,1,2,1,1,5,5,5,5,4,1,0,6,neutral or dissatisfied
108335,Female,Loyal Customer,49,Business travel,Eco,1750,1,5,5,5,1,1,1,4,2,2,4,1,2,1,132,117,neutral or dissatisfied
97959,Male,Loyal Customer,18,Personal Travel,Eco,793,4,4,4,5,3,4,4,3,3,4,5,4,4,3,91,71,satisfied
1026,Female,Loyal Customer,39,Business travel,Eco,229,5,5,5,5,5,5,5,5,2,3,5,3,2,5,0,0,satisfied
26910,Female,Loyal Customer,25,Business travel,Business,1874,2,3,1,1,2,2,2,2,2,2,4,4,5,2,0,0,neutral or dissatisfied
14054,Male,disloyal Customer,28,Business travel,Business,319,5,5,5,3,4,5,5,4,5,4,4,3,4,4,0,0,satisfied
109458,Female,Loyal Customer,37,Business travel,Business,2571,3,3,3,3,5,4,5,5,5,5,5,4,5,5,0,0,satisfied
51772,Female,Loyal Customer,31,Personal Travel,Eco,261,3,4,3,4,3,3,3,3,1,5,4,2,4,3,87,75,neutral or dissatisfied
15019,Female,Loyal Customer,32,Personal Travel,Eco,557,3,4,3,3,3,3,3,3,5,3,4,4,5,3,81,63,neutral or dissatisfied
23664,Female,disloyal Customer,25,Business travel,Eco,196,2,4,2,4,5,2,5,5,5,4,5,5,1,5,0,5,neutral or dissatisfied
6731,Male,Loyal Customer,55,Business travel,Business,3934,3,3,3,3,5,5,5,4,4,4,4,4,4,3,0,0,satisfied
57753,Male,Loyal Customer,51,Business travel,Business,2704,4,4,4,4,5,5,5,3,4,3,4,5,4,5,60,75,satisfied
29788,Female,Loyal Customer,40,Business travel,Business,2334,0,4,1,2,4,1,3,5,5,5,5,3,5,2,0,0,satisfied
28336,Male,Loyal Customer,25,Business travel,Business,3848,1,2,1,1,4,4,4,4,1,5,2,1,2,4,0,0,satisfied
2878,Female,Loyal Customer,70,Personal Travel,Eco,409,3,5,3,3,2,4,5,5,5,3,1,3,5,3,0,14,neutral or dissatisfied
81675,Female,Loyal Customer,55,Business travel,Eco,907,2,3,3,3,4,4,3,2,2,2,2,1,2,3,19,11,neutral or dissatisfied
50905,Male,Loyal Customer,53,Personal Travel,Eco,262,1,5,1,1,5,1,5,5,3,1,1,3,1,5,70,55,neutral or dissatisfied
90850,Male,Loyal Customer,73,Business travel,Business,2141,1,1,1,1,3,4,3,2,2,2,1,3,2,4,0,0,neutral or dissatisfied
29340,Female,Loyal Customer,32,Business travel,Eco Plus,859,0,0,0,3,3,0,2,3,3,3,4,5,4,3,0,0,satisfied
68731,Male,Loyal Customer,30,Personal Travel,Eco Plus,237,1,1,1,2,4,1,5,4,1,4,3,4,3,4,0,0,neutral or dissatisfied
115978,Male,Loyal Customer,19,Personal Travel,Eco,308,1,4,4,3,5,4,5,5,4,5,5,3,4,5,91,92,neutral or dissatisfied
29829,Male,Loyal Customer,33,Business travel,Business,3679,2,2,2,2,5,5,5,5,3,3,5,2,2,5,0,0,satisfied
82401,Female,Loyal Customer,13,Personal Travel,Eco,501,3,4,3,4,2,3,2,2,4,3,5,4,4,2,0,0,neutral or dissatisfied
80083,Male,Loyal Customer,53,Business travel,Eco Plus,550,3,4,4,4,3,3,3,3,5,1,3,4,3,3,0,0,satisfied
42783,Female,disloyal Customer,31,Business travel,Eco,1118,1,1,1,4,2,1,2,2,3,5,4,4,4,2,0,20,neutral or dissatisfied
39020,Male,Loyal Customer,62,Business travel,Business,3179,1,1,1,1,4,3,4,4,4,4,4,4,4,4,0,0,satisfied
46111,Male,Loyal Customer,29,Personal Travel,Eco,1085,4,4,3,5,2,3,2,2,4,5,4,3,5,2,8,11,neutral or dissatisfied
66327,Male,Loyal Customer,57,Business travel,Business,2807,1,1,1,1,2,4,4,5,5,5,5,4,5,4,0,7,satisfied
43012,Male,Loyal Customer,34,Business travel,Business,3802,0,0,0,4,3,4,1,2,2,2,2,2,2,2,0,0,satisfied
82776,Male,disloyal Customer,45,Business travel,Eco,926,3,3,3,4,5,3,2,5,3,2,3,4,4,5,26,44,neutral or dissatisfied
48215,Female,Loyal Customer,65,Personal Travel,Eco,192,1,2,1,3,5,4,3,2,2,1,2,2,2,3,0,0,neutral or dissatisfied
57441,Female,Loyal Customer,48,Business travel,Business,235,2,5,5,5,2,4,3,2,2,2,2,3,2,4,0,0,neutral or dissatisfied
55928,Female,Loyal Customer,8,Personal Travel,Eco,733,4,2,4,2,3,4,3,3,1,1,1,4,2,3,0,0,neutral or dissatisfied
98446,Male,Loyal Customer,36,Personal Travel,Eco,814,1,0,1,2,5,1,5,5,4,5,5,1,5,5,32,12,neutral or dissatisfied
121273,Female,Loyal Customer,48,Business travel,Business,2075,4,4,4,4,3,4,4,4,4,4,4,3,4,4,0,0,satisfied
59385,Female,Loyal Customer,10,Personal Travel,Eco,2338,3,4,3,3,5,3,5,5,3,2,4,5,5,5,1,0,neutral or dissatisfied
27078,Male,disloyal Customer,24,Business travel,Eco,834,4,4,4,4,5,4,5,5,1,2,5,3,1,5,14,0,satisfied
104661,Male,Loyal Customer,52,Business travel,Business,1778,4,4,4,4,2,5,4,3,3,3,3,5,3,5,4,7,satisfied
111483,Male,disloyal Customer,43,Business travel,Eco,1052,3,4,4,3,4,4,4,4,3,3,2,3,1,4,0,0,neutral or dissatisfied
11558,Female,Loyal Customer,21,Business travel,Business,657,2,2,2,2,5,5,5,5,5,2,4,5,4,5,6,0,satisfied
120382,Male,disloyal Customer,40,Business travel,Business,449,4,4,4,2,3,4,3,3,5,4,4,4,4,3,4,0,satisfied
117397,Female,Loyal Customer,40,Business travel,Business,544,4,4,4,4,4,4,4,4,4,4,4,4,4,5,0,0,satisfied
59357,Male,Loyal Customer,41,Business travel,Business,2556,4,4,4,4,4,3,4,5,5,5,5,4,5,4,0,0,satisfied
119617,Male,Loyal Customer,40,Business travel,Business,3034,2,2,3,2,4,5,5,4,4,4,4,4,4,4,8,28,satisfied
90639,Female,Loyal Customer,51,Business travel,Business,366,1,1,1,1,3,4,4,4,4,5,4,5,4,4,0,0,satisfied
119074,Male,Loyal Customer,29,Business travel,Business,2218,3,3,2,3,3,3,3,3,4,3,5,4,4,3,0,0,satisfied
13395,Male,Loyal Customer,70,Personal Travel,Eco,456,0,1,0,4,4,0,4,4,1,4,4,4,4,4,19,45,satisfied
104029,Male,disloyal Customer,26,Business travel,Business,1262,0,0,0,3,4,0,3,4,4,2,4,5,4,4,9,0,satisfied
12025,Male,Loyal Customer,41,Business travel,Business,3423,3,3,3,3,4,2,4,5,5,5,5,4,5,1,0,0,satisfied
42755,Male,Loyal Customer,60,Business travel,Business,493,4,4,4,4,2,4,5,3,3,3,3,3,3,3,0,0,satisfied
70029,Male,Loyal Customer,32,Business travel,Business,2187,2,2,2,2,3,4,3,3,4,4,4,4,4,3,0,0,satisfied
113946,Female,Loyal Customer,43,Business travel,Business,1750,1,3,1,1,5,5,4,4,4,4,4,4,4,5,0,7,satisfied
80556,Female,Loyal Customer,39,Business travel,Business,1747,2,2,2,2,4,4,4,3,4,5,4,4,4,4,132,123,satisfied
22155,Female,Loyal Customer,33,Business travel,Business,773,2,2,2,2,4,4,4,2,3,2,2,4,1,4,140,129,satisfied
82206,Male,Loyal Customer,41,Business travel,Business,405,1,1,1,1,3,4,5,1,1,2,1,3,1,4,0,5,satisfied
68344,Male,Loyal Customer,31,Business travel,Business,1598,5,5,5,5,4,4,4,4,3,4,5,5,4,4,0,0,satisfied
18464,Female,disloyal Customer,39,Business travel,Business,201,4,3,3,4,1,3,1,1,2,5,5,3,1,1,0,0,satisfied
129310,Male,Loyal Customer,64,Business travel,Business,2475,3,3,3,3,2,4,5,5,5,5,5,3,5,3,4,0,satisfied
70613,Male,Loyal Customer,52,Business travel,Business,3935,1,1,1,1,3,5,5,4,4,4,4,3,4,3,0,25,satisfied
86840,Female,Loyal Customer,42,Business travel,Eco,292,5,2,2,2,5,2,2,5,5,5,5,2,5,5,32,29,satisfied
122170,Female,Loyal Customer,48,Business travel,Business,544,2,2,2,2,4,4,5,4,4,5,4,3,4,5,62,46,satisfied
87935,Female,disloyal Customer,23,Business travel,Eco,271,5,0,5,1,3,5,4,3,4,5,4,5,5,3,62,84,satisfied
116832,Male,Loyal Customer,55,Business travel,Business,451,1,1,1,1,4,4,5,4,4,4,4,3,4,3,0,2,satisfied
99415,Male,Loyal Customer,41,Business travel,Business,1981,4,4,4,4,4,4,2,5,5,5,5,4,5,4,0,0,satisfied
60089,Male,Loyal Customer,57,Business travel,Business,1005,4,4,4,4,5,5,4,5,5,5,5,5,5,5,3,0,satisfied
5412,Female,Loyal Customer,54,Business travel,Business,812,4,4,4,4,4,5,4,4,4,4,4,3,4,5,0,0,satisfied
39113,Male,Loyal Customer,36,Business travel,Eco,190,3,2,2,2,3,4,3,3,1,2,1,2,3,3,0,0,satisfied
36518,Female,Loyal Customer,25,Business travel,Business,1197,5,5,3,5,5,5,5,5,2,4,4,1,1,5,0,5,satisfied
110124,Female,Loyal Customer,60,Business travel,Business,1056,1,1,5,1,4,4,4,4,2,4,4,4,3,4,214,210,satisfied
92891,Male,Loyal Customer,51,Business travel,Business,3236,4,4,4,4,5,4,5,3,3,4,5,3,3,4,0,13,satisfied
57816,Male,Loyal Customer,44,Business travel,Business,2764,5,5,5,5,3,5,5,2,2,2,2,4,2,3,8,15,satisfied
1770,Male,disloyal Customer,20,Business travel,Business,408,5,0,5,2,3,5,3,3,3,5,5,3,4,3,0,0,satisfied
70400,Female,Loyal Customer,44,Business travel,Business,1162,4,4,4,4,4,1,2,4,4,4,4,2,4,2,0,4,satisfied
15078,Female,Loyal Customer,33,Business travel,Business,239,1,1,1,1,5,5,1,4,4,4,4,4,4,1,0,0,satisfied
4927,Female,Loyal Customer,60,Business travel,Business,1020,4,4,4,4,3,4,4,5,5,5,5,4,5,5,5,0,satisfied
53073,Female,Loyal Customer,24,Business travel,Eco Plus,1208,4,5,5,5,4,4,4,4,2,2,4,1,4,4,1,0,satisfied
